"id","name","birtday","email"
6,"Görel","2020-03-11","cfoulser5@dyndns.org"
7,"Stévina","2021-02-26","ljertz6@oracle.com"
8,"Célestine","2019-12-29","hverecker7@cnbc.com"
16,"Fèi","2021-05-19","tmcelreaf@slashdot.org"
17,"Anaëlle","2021-06-09","tpapaminasg@pcworld.com"
19,"Laurélie","2021-07-26","cklyni@google.co.jp"
20,"Mårten","2020-04-01","wbeddoesj@house.gov"
21,"Aurélie","2021-07-17","tpighillsk@t-online.de"
22,"Zoé","2022-01-08","vmuspratl@sbwire.com"
23,"Anaëlle","2021-10-14","dtanzerm@prlog.org"
24,"Loïc","2021-08-08","tbeekenn@cbsnews.com"
25,"Athéna","2019-11-29","ccremeno@jalbum.net"
26,"Yè","2020-01-03","rdudneyp@arizona.edu"
27,"Rachèle","2021-03-08","kkaasmanq@weibo.com"
28,"Rébecca","2021-11-26","raldiner@goo.ne.jp"
29,"Maïlis","2020-11-12","odjurevics@meetup.com"
30,"Renée","2020-04-18","cscinellit@angelfire.com"
31,"Nuó","2021-06-02","ddennettu@ow.ly"
32,"Marie-ève","2022-10-03","mitzigv@nydailynews.com"
33,"Méng","2020-11-17","sayshfordw@hao123.com"
34,"Göran","2020-08-02","mvaslerx@chronoengine.com"
35,"Lóng","2021-05-25","pverrilly@statcounter.com"
36,"Adèle","2022-02-18","bconlonz@edublogs.org"
37,"Maëlann","2022-05-09","ghaswall10@yahoo.com"
38,"Eugénie","2021-10-14","lpauletti11@upenn.edu"
39,"Ráo","2022-08-06","llippatt12@etsy.com"
40,"Agnès","2020-04-10","nmatous13@unblog.fr"
41,"Josée","2020-12-09","sbridgland14@fda.gov"
42,"Erwéi","2020-01-09","rburchmore15@boston.com"
43,"Estève","2021-04-02","ishopcott16@mashable.com"
44,"Zhì","2021-04-23","dsambeck17@merriam-webster.com"
45,"Sélène","2020-02-06","abiddles18@youtu.be"
46,"Pénélope","2020-01-19","twittier19@smh.com.au"
47,"Dù","2022-10-22","arossetti1a@vimeo.com"
48,"Laurélie","2021-10-04","zsheekey1b@cocolog-nifty.com"
49,"Magdalène","2020-03-23","emityushin1c@imgur.com"
50,"Fourloji","1991-01-01","Fourloji@gmail.com"
